,train,test
0,0.9589375773020498,0.9589375773195603
