,train,test
0,0.9716287496998751,0.9716287496591828
