,train,test
0,0.9776423511872974,0.9776423511908506
