,train,test
0,0.890286896543033,0.8902868965186503
