,train,test
0,0.9406849987888659,0.9406849987809204
