,train,test
0,0.9561179738972359,0.9561179739171803
