,train,test
0,0.9881506894927901,0.9881506895097646
