,train,test
0,0.9941974467881168,0.9941974467874104
