,train,test
0,0.9961395452298619,0.9961395452159837
