,train,test
0,0.9730381129229771,0.9730381128945188
