,train,test
0,0.8500029447584118,0.8500029448460287
