,train,test
0,0.8883283867389765,0.8883283867130578
