,train,test
0,0.9081540692591544,0.9081540691442627
