,train,test
0,0.9139150703589597,0.9139150698579226
