,train,test
0,0.9385981123776326,0.938598112353225
