,train,test
0,0.9524205706354097,0.9524205704685511
