,train,test
0,0.9574837222194136,0.9574837222385746
