,train,test
0,0.9737214075535343,0.9737214074675222
