,train,test
0,0.978519011584458,0.9785190116017299
