,train,test
0,0.9125363248965096,0.9125363244138855
