,train,test
0,0.9373367600377889,0.9373367601335472
