,train,test
0,0.9483723674031039,0.9483723674950492
