,train,test
0,0.7737984216637204,0.773798421654929
