,train,test
0,0.864792295265042,0.8647922952913278
