,train,test
0,0.9374245041201351,0.9374245042044419
