,train,test
0,0.9526679824121178,0.9526679824874534
