,train,test
0,0.9855617172527102,0.9855617172426103
